dtst,x,y,LAD11NM
clmts,17471,2.3,Barking & Dagenham
clmts,17471,1.4,Barnet
clmts,17471,1.4,Bexley
clmts,17471,2.2,Brent
clmts,17471,1.1,Bromley
clmts,17471,1.5,Camden
clmts,17471,1.3,City of London
clmts,17471,3.6,Croydon
clmts,17471,2.2,Ealing
clmts,17471,2.1,Enfield
clmts,17471,2.1,Greenwich
clmts,17471,2.4,Hackney
clmts,17471,3.1,Hammersmith & Fulham
clmts,17471,2.4,Haringey
clmts,17471,1.1,Harrow
clmts,17471,1.5,Havering
clmts,17471,1.3,Hillingdon
clmts,17471,2.7,Hounslow
clmts,17471,2.1,Islington
clmts,17471,1.8,Kensington & Chelsea
clmts,17471,1.1,Kingston upon Thames
clmts,17471,2.4,Lambeth
clmts,17471,2.5,Lewisham
clmts,17471,1.7,Merton
clmts,17471,1.9,Newham
clmts,17471,1.2,Redbridge
clmts,17471,1.2,Richmond upon Thames
clmts,17471,3.1,Southwark
clmts,17471,2.1,Sutton
clmts,17471,2.7,Tower Hamlets
clmts,17471,2.1,Waltham Forest
clmts,17471,1.4,Wandsworth
clmts,17471,1.4,Westminster
clmts,17471,1.9,United Kingdom
clmts,17501,2.3,Barking & Dagenham
clmts,17501,1.4,Barnet
clmts,17501,1.4,Bexley
clmts,17501,2.2,Brent
clmts,17501,1.1,Bromley
clmts,17501,1.5,Camden
clmts,17501,1.3,City of London
clmts,17501,3.5,Croydon
clmts,17501,2.2,Ealing
clmts,17501,2.1,Enfield
clmts,17501,2.1,Greenwich
clmts,17501,2.4,Hackney
clmts,17501,3.1,Hammersmith & Fulham
clmts,17501,2.4,Haringey
clmts,17501,1.1,Harrow
clmts,17501,1.5,Havering
clmts,17501,1.3,Hillingdon
clmts,17501,2.7,Hounslow
clmts,17501,2.1,Islington
clmts,17501,1.7,Kensington & Chelsea
clmts,17501,1.1,Kingston upon Thames
clmts,17501,2.4,Lambeth
clmts,17501,2.5,Lewisham
clmts,17501,1.7,Merton
clmts,17501,1.9,Newham
clmts,17501,1.2,Redbridge
clmts,17501,1.2,Richmond upon Thames
clmts,17501,3.1,Southwark
clmts,17501,2.1,Sutton
clmts,17501,2.7,Tower Hamlets
clmts,17501,2.1,Waltham Forest
clmts,17501,1.4,Wandsworth
clmts,17501,1.4,Westminster
clmts,17501,1.9,United Kingdom
clmts,17532,2.4,Barking & Dagenham
clmts,17532,1.4,Barnet
clmts,17532,1.4,Bexley
clmts,17532,2.2,Brent
clmts,17532,1.1,Bromley
clmts,17532,1.5,Camden
clmts,17532,1.1,City of London
clmts,17532,3.5,Croydon
clmts,17532,2.2,Ealing
clmts,17532,2.1,Enfield
clmts,17532,2.1,Greenwich
clmts,17532,2.4,Hackney
clmts,17532,3.1,Hammersmith & Fulham
clmts,17532,2.4,Haringey
clmts,17532,1.1,Harrow
clmts,17532,1.6,Havering
clmts,17532,1.3,Hillingdon
clmts,17532,2.7,Hounslow
clmts,17532,2.1,Islington
clmts,17532,1.7,Kensington & Chelsea
clmts,17532,1.1,Kingston upon Thames
clmts,17532,2.5,Lambeth
clmts,17532,2.5,Lewisham
clmts,17532,1.7,Merton
clmts,17532,1.9,Newham
clmts,17532,1.3,Redbridge
clmts,17532,1.2,Richmond upon Thames
clmts,17532,3.1,Southwark
clmts,17532,2.1,Sutton
clmts,17532,2.6,Tower Hamlets
clmts,17532,2.1,Waltham Forest
clmts,17532,1.4,Wandsworth
clmts,17532,1.4,Westminster
clmts,17532,2,United Kingdom
clmts,17563,2.4,Barking & Dagenham
clmts,17563,1.4,Barnet
clmts,17563,1.4,Bexley
clmts,17563,2.2,Brent
clmts,17563,1.2,Bromley
clmts,17563,1.5,Camden
clmts,17563,1.1,City of London
clmts,17563,3.8,Croydon
clmts,17563,2.3,Ealing
clmts,17563,2.2,Enfield
clmts,17563,2.2,Greenwich
clmts,17563,2.5,Hackney
clmts,17563,3.3,Hammersmith & Fulham
clmts,17563,2.4,Haringey
clmts,17563,1.1,Harrow
clmts,17563,1.6,Havering
clmts,17563,1.3,Hillingdon
clmts,17563,3,Hounslow
clmts,17563,2.1,Islington
clmts,17563,1.8,Kensington & Chelsea
clmts,17563,1.1,Kingston upon Thames
clmts,17563,2.5,Lambeth
clmts,17563,2.6,Lewisham
clmts,17563,1.8,Merton
clmts,17563,1.9,Newham
clmts,17563,1.3,Redbridge
clmts,17563,1.2,Richmond upon Thames
clmts,17563,3.3,Southwark
clmts,17563,2.3,Sutton
clmts,17563,2.8,Tower Hamlets
clmts,17563,2.2,Waltham Forest
clmts,17563,1.4,Wandsworth
clmts,17563,1.4,Westminster
clmts,17563,2.1,United Kingdom
clmts,17591,2.5,Barking & Dagenham
clmts,17591,1.4,Barnet
clmts,17591,1.4,Bexley
clmts,17591,2.3,Brent
clmts,17591,1.2,Bromley
clmts,17591,1.6,Camden
clmts,17591,1.1,City of London
clmts,17591,3.8,Croydon
clmts,17591,2.3,Ealing
clmts,17591,2.3,Enfield
clmts,17591,2.2,Greenwich
clmts,17591,2.5,Hackney
clmts,17591,3.3,Hammersmith & Fulham
clmts,17591,2.5,Haringey
clmts,17591,1.2,Harrow
clmts,17591,1.6,Havering
clmts,17591,1.4,Hillingdon
clmts,17591,3,Hounslow
clmts,17591,2.2,Islington
clmts,17591,1.8,Kensington & Chelsea
clmts,17591,1.1,Kingston upon Thames
clmts,17591,2.6,Lambeth
clmts,17591,2.6,Lewisham
clmts,17591,1.9,Merton
clmts,17591,1.9,Newham
clmts,17591,1.3,Redbridge
clmts,17591,1.2,Richmond upon Thames
clmts,17591,3.3,Southwark
clmts,17591,2.2,Sutton
clmts,17591,2.8,Tower Hamlets
clmts,17591,2.2,Waltham Forest
clmts,17591,1.4,Wandsworth
clmts,17591,1.5,Westminster
clmts,17591,2.1,United Kingdom
clmts,17622,2.5,Barking & Dagenham
clmts,17622,1.4,Barnet
clmts,17622,1.4,Bexley
clmts,17622,2.2,Brent
clmts,17622,1.2,Bromley
clmts,17622,1.6,Camden
clmts,17622,1.2,City of London
clmts,17622,4.1,Croydon
clmts,17622,2.3,Ealing
clmts,17622,2.4,Enfield
clmts,17622,2.2,Greenwich
clmts,17622,2.5,Hackney
clmts,17622,3.5,Hammersmith & Fulham
clmts,17622,2.4,Haringey
clmts,17622,1.2,Harrow
clmts,17622,1.7,Havering
clmts,17622,1.4,Hillingdon
clmts,17622,3.3,Hounslow
clmts,17622,2.1,Islington
clmts,17622,1.9,Kensington & Chelsea
clmts,17622,1.1,Kingston upon Thames
clmts,17622,2.7,Lambeth
clmts,17622,2.6,Lewisham
clmts,17622,2,Merton
clmts,17622,1.9,Newham
clmts,17622,1.3,Redbridge
clmts,17622,1.3,Richmond upon Thames
clmts,17622,3.6,Southwark
clmts,17622,2.5,Sutton
clmts,17622,2.9,Tower Hamlets
clmts,17622,2.2,Waltham Forest
clmts,17622,1.5,Wandsworth
clmts,17622,1.4,Westminster
clmts,17622,2.2,United Kingdom
clmts,17652,2.6,Barking & Dagenham
clmts,17652,1.4,Barnet
clmts,17652,1.4,Bexley
clmts,17652,2.2,Brent
clmts,17652,1.1,Bromley
clmts,17652,1.5,Camden
clmts,17652,1.1,City of London
clmts,17652,3.9,Croydon
clmts,17652,2.3,Ealing
clmts,17652,2.4,Enfield
clmts,17652,2.2,Greenwich
clmts,17652,2.5,Hackney
clmts,17652,3.4,Hammersmith & Fulham
clmts,17652,2.4,Haringey
clmts,17652,1.2,Harrow
clmts,17652,1.6,Havering
clmts,17652,1.3,Hillingdon
clmts,17652,3,Hounslow
clmts,17652,2.2,Islington
clmts,17652,1.9,Kensington & Chelsea
clmts,17652,1.1,Kingston upon Thames
clmts,17652,2.8,Lambeth
clmts,17652,2.6,Lewisham
clmts,17652,2,Merton
clmts,17652,1.9,Newham
clmts,17652,1.3,Redbridge
clmts,17652,1.2,Richmond upon Thames
clmts,17652,3.4,Southwark
clmts,17652,2.2,Sutton
clmts,17652,2.8,Tower Hamlets
clmts,17652,2.2,Waltham Forest
clmts,17652,1.5,Wandsworth
clmts,17652,1.5,Westminster
clmts,17652,2.2,United Kingdom
clmts,17683,2.7,Barking & Dagenham
clmts,17683,1.4,Barnet
clmts,17683,1.3,Bexley
clmts,17683,2.1,Brent
clmts,17683,1.2,Bromley
clmts,17683,1.5,Camden
clmts,17683,1.1,City of London
clmts,17683,3.8,Croydon
clmts,17683,2.4,Ealing
clmts,17683,2.4,Enfield
clmts,17683,2.2,Greenwich
clmts,17683,2.5,Hackney
clmts,17683,3.4,Hammersmith & Fulham
clmts,17683,2.4,Haringey
clmts,17683,1.1,Harrow
clmts,17683,1.6,Havering
clmts,17683,1.3,Hillingdon
clmts,17683,3,Hounslow
clmts,17683,2.2,Islington
clmts,17683,1.9,Kensington & Chelsea
clmts,17683,1.1,Kingston upon Thames
clmts,17683,2.8,Lambeth
clmts,17683,2.6,Lewisham
clmts,17683,2,Merton
clmts,17683,1.9,Newham
clmts,17683,1.3,Redbridge
clmts,17683,1.2,Richmond upon Thames
clmts,17683,3.4,Southwark
clmts,17683,2.2,Sutton
clmts,17683,2.8,Tower Hamlets
clmts,17683,2.2,Waltham Forest
clmts,17683,1.5,Wandsworth
clmts,17683,1.4,Westminster
clmts,17683,2.1,United Kingdom
clmts,17713,2.8,Barking & Dagenham
clmts,17713,1.4,Barnet
clmts,17713,1.2,Bexley
clmts,17713,2.1,Brent
clmts,17713,1.1,Bromley
clmts,17713,1.5,Camden
clmts,17713,1.1,City of London
clmts,17713,3.8,Croydon
clmts,17713,2.4,Ealing
clmts,17713,2.5,Enfield
clmts,17713,2.1,Greenwich
clmts,17713,2.5,Hackney
clmts,17713,3.4,Hammersmith & Fulham
clmts,17713,2.4,Haringey
clmts,17713,1.1,Harrow
clmts,17713,1.5,Havering
clmts,17713,1.3,Hillingdon
clmts,17713,3,Hounslow
clmts,17713,2.2,Islington
clmts,17713,1.8,Kensington & Chelsea
clmts,17713,1.1,Kingston upon Thames
clmts,17713,2.9,Lambeth
clmts,17713,2.5,Lewisham
clmts,17713,2.1,Merton
clmts,17713,1.9,Newham
clmts,17713,1.2,Redbridge
clmts,17713,1.2,Richmond upon Thames
clmts,17713,3.4,Southwark
clmts,17713,2.2,Sutton
clmts,17713,2.9,Tower Hamlets
clmts,17713,2.2,Waltham Forest
clmts,17713,1.5,Wandsworth
clmts,17713,1.4,Westminster
clmts,17713,2.1,United Kingdom
clmts,17744,2.8,Barking & Dagenham
clmts,17744,1.5,Barnet
clmts,17744,1.2,Bexley
clmts,17744,2.1,Brent
clmts,17744,1.1,Bromley
clmts,17744,1.4,Camden
clmts,17744,1,City of London
clmts,17744,3.8,Croydon
clmts,17744,2.5,Ealing
clmts,17744,2.6,Enfield
clmts,17744,2.1,Greenwich
clmts,17744,2.5,Hackney
clmts,17744,3.4,Hammersmith & Fulham
clmts,17744,2.4,Haringey
clmts,17744,1.1,Harrow
clmts,17744,1.6,Havering
clmts,17744,1.3,Hillingdon
clmts,17744,3,Hounslow
clmts,17744,2.2,Islington
clmts,17744,1.8,Kensington & Chelsea
clmts,17744,1.1,Kingston upon Thames
clmts,17744,3,Lambeth
clmts,17744,2.5,Lewisham
clmts,17744,2.1,Merton
clmts,17744,1.9,Newham
clmts,17744,1.3,Redbridge
clmts,17744,1.2,Richmond upon Thames
clmts,17744,3.4,Southwark
clmts,17744,2.3,Sutton
clmts,17744,2.9,Tower Hamlets
clmts,17744,2.2,Waltham Forest
clmts,17744,1.5,Wandsworth
clmts,17744,1.4,Westminster
clmts,17744,2.2,United Kingdom
clmts,17775,2.9,Barking & Dagenham
clmts,17775,1.6,Barnet
clmts,17775,1.2,Bexley
clmts,17775,2.2,Brent
clmts,17775,1.2,Bromley
clmts,17775,1.5,Camden
clmts,17775,1.1,City of London
clmts,17775,3.9,Croydon
clmts,17775,2.7,Ealing
clmts,17775,2.6,Enfield
clmts,17775,2.1,Greenwich
clmts,17775,2.5,Hackney
clmts,17775,3.4,Hammersmith & Fulham
clmts,17775,2.4,Haringey
clmts,17775,1.2,Harrow
clmts,17775,1.6,Havering
clmts,17775,1.3,Hillingdon
clmts,17775,3.1,Hounslow
clmts,17775,2.3,Islington
clmts,17775,1.8,Kensington & Chelsea
clmts,17775,1.1,Kingston upon Thames
clmts,17775,3,Lambeth
clmts,17775,2.6,Lewisham
clmts,17775,2.1,Merton
clmts,17775,2,Newham
clmts,17775,1.4,Redbridge
clmts,17775,1.3,Richmond upon Thames
clmts,17775,3.5,Southwark
clmts,17775,2.4,Sutton
clmts,17775,3,Tower Hamlets
clmts,17775,2.2,Waltham Forest
clmts,17775,1.5,Wandsworth
clmts,17775,1.5,Westminster
clmts,17775,2.2,United Kingdom
clmts,17805,3,Barking & Dagenham
clmts,17805,1.6,Barnet
clmts,17805,1.2,Bexley
clmts,17805,2.2,Brent
clmts,17805,1.2,Bromley
clmts,17805,1.5,Camden
clmts,17805,1.1,City of London
clmts,17805,3.9,Croydon
clmts,17805,2.8,Ealing
clmts,17805,2.7,Enfield
clmts,17805,2,Greenwich
clmts,17805,2.5,Hackney
clmts,17805,3.4,Hammersmith & Fulham
clmts,17805,2.4,Haringey
clmts,17805,1.3,Harrow
clmts,17805,1.7,Havering
clmts,17805,1.3,Hillingdon
clmts,17805,3.2,Hounslow
clmts,17805,2.4,Islington
clmts,17805,1.8,Kensington & Chelsea
clmts,17805,1.3,Kingston upon Thames
clmts,17805,3,Lambeth
clmts,17805,2.7,Lewisham
clmts,17805,2.2,Merton
clmts,17805,2.1,Newham
clmts,17805,1.5,Redbridge
clmts,17805,1.3,Richmond upon Thames
clmts,17805,3.5,Southwark
clmts,17805,2.3,Sutton
clmts,17805,3,Tower Hamlets
clmts,17805,2.3,Waltham Forest
clmts,17805,1.5,Wandsworth
clmts,17805,1.5,Westminster
clmts,17805,2.2,United Kingdom
clmts,17836,3.1,Barking & Dagenham
clmts,17836,1.7,Barnet
clmts,17836,1.2,Bexley
clmts,17836,2.2,Brent
clmts,17836,1.3,Bromley
clmts,17836,1.6,Camden
clmts,17836,1,City of London
clmts,17836,3.9,Croydon
clmts,17836,2.8,Ealing
clmts,17836,2.8,Enfield
clmts,17836,1.9,Greenwich
clmts,17836,2.5,Hackney
clmts,17836,3.4,Hammersmith & Fulham
clmts,17836,2.3,Haringey
clmts,17836,1.4,Harrow
clmts,17836,1.8,Havering
clmts,17836,1.2,Hillingdon
clmts,17836,3.1,Hounslow
clmts,17836,2.5,Islington
clmts,17836,1.8,Kensington & Chelsea
clmts,17836,1.4,Kingston upon Thames
clmts,17836,3,Lambeth
clmts,17836,2.8,Lewisham
clmts,17836,2.2,Merton
clmts,17836,2.1,Newham
clmts,17836,1.6,Redbridge
clmts,17836,1.4,Richmond upon Thames
clmts,17836,3.5,Southwark
clmts,17836,2.4,Sutton
clmts,17836,3,Tower Hamlets
clmts,17836,2.4,Waltham Forest
clmts,17836,1.5,Wandsworth
clmts,17836,1.6,Westminster
clmts,17836,2.3,United Kingdom
clmts,17866,3.2,Barking & Dagenham
clmts,17866,1.8,Barnet
clmts,17866,1.3,Bexley
clmts,17866,2.2,Brent
clmts,17866,1.4,Bromley
clmts,17866,1.6,Camden
clmts,17866,1.1,City of London
clmts,17866,3.8,Croydon
clmts,17866,2.8,Ealing
clmts,17866,2.7,Enfield
clmts,17866,2,Greenwich
clmts,17866,2.7,Hackney
clmts,17866,3.3,Hammersmith & Fulham
clmts,17866,2.5,Haringey
clmts,17866,1.4,Harrow
clmts,17866,2,Havering
clmts,17866,1.3,Hillingdon
clmts,17866,3.1,Hounslow
clmts,17866,2.6,Islington
clmts,17866,1.8,Kensington & Chelsea
clmts,17866,1.4,Kingston upon Thames
clmts,17866,3.1,Lambeth
clmts,17866,2.9,Lewisham
clmts,17866,2.2,Merton
clmts,17866,2.2,Newham
clmts,17866,1.6,Redbridge
clmts,17866,1.4,Richmond upon Thames
clmts,17866,3.5,Southwark
clmts,17866,2.4,Sutton
clmts,17866,3,Tower Hamlets
clmts,17866,2.5,Waltham Forest
clmts,17866,1.6,Wandsworth
clmts,17866,1.7,Westminster
clmts,17866,2.3,United Kingdom
clmts,17897,3.2,Barking & Dagenham
clmts,17897,1.8,Barnet
clmts,17897,1.4,Bexley
clmts,17897,2.3,Brent
clmts,17897,1.4,Bromley
clmts,17897,1.6,Camden
clmts,17897,1,City of London
clmts,17897,3.8,Croydon
clmts,17897,2.9,Ealing
clmts,17897,2.8,Enfield
clmts,17897,2.2,Greenwich
clmts,17897,2.8,Hackney
clmts,17897,3.3,Hammersmith & Fulham
clmts,17897,2.7,Haringey
clmts,17897,1.5,Harrow
clmts,17897,2,Havering
clmts,17897,1.5,Hillingdon
clmts,17897,3.1,Hounslow
clmts,17897,2.6,Islington
clmts,17897,1.9,Kensington & Chelsea
clmts,17897,1.5,Kingston upon Thames
clmts,17897,3.1,Lambeth
clmts,17897,3,Lewisham
clmts,17897,2.2,Merton
clmts,17897,2.3,Newham
clmts,17897,1.7,Redbridge
clmts,17897,1.4,Richmond upon Thames
clmts,17897,3.4,Southwark
clmts,17897,2.3,Sutton
clmts,17897,2.9,Tower Hamlets
clmts,17897,2.6,Waltham Forest
clmts,17897,1.6,Wandsworth
clmts,17897,1.7,Westminster
clmts,17897,2.4,United Kingdom
clmts,17928,3.4,Barking & Dagenham
clmts,17928,1.9,Barnet
clmts,17928,1.5,Bexley
clmts,17928,2.4,Brent
clmts,17928,1.5,Bromley
clmts,17928,1.7,Camden
clmts,17928,1,City of London
clmts,17928,4,Croydon
clmts,17928,3,Ealing
clmts,17928,3,Enfield
clmts,17928,2.3,Greenwich
clmts,17928,2.9,Hackney
clmts,17928,3.4,Hammersmith & Fulham
clmts,17928,2.8,Haringey
clmts,17928,1.6,Harrow
clmts,17928,2.1,Havering
clmts,17928,1.6,Hillingdon
clmts,17928,3.4,Hounslow
clmts,17928,2.7,Islington
clmts,17928,2,Kensington & Chelsea
clmts,17928,1.5,Kingston upon Thames
clmts,17928,3.3,Lambeth
clmts,17928,3.2,Lewisham
clmts,17928,2.4,Merton
clmts,17928,2.4,Newham
clmts,17928,1.8,Redbridge
clmts,17928,1.5,Richmond upon Thames
clmts,17928,3.6,Southwark
clmts,17928,2.5,Sutton
clmts,17928,3.1,Tower Hamlets
clmts,17928,2.7,Waltham Forest
clmts,17928,1.7,Wandsworth
clmts,17928,1.8,Westminster
clmts,17928,2.5,United Kingdom
clmts,17956,3.5,Barking & Dagenham
clmts,17956,1.9,Barnet
clmts,17956,1.7,Bexley
clmts,17956,2.5,Brent
clmts,17956,1.6,Bromley
clmts,17956,1.8,Camden
clmts,17956,1,City of London
clmts,17956,4,Croydon
clmts,17956,3.1,Ealing
clmts,17956,3.1,Enfield
clmts,17956,2.5,Greenwich
clmts,17956,3.1,Hackney
clmts,17956,3.4,Hammersmith & Fulham
clmts,17956,2.9,Haringey
clmts,17956,1.6,Harrow
clmts,17956,2.2,Havering
clmts,17956,1.8,Hillingdon
clmts,17956,3.4,Hounslow
clmts,17956,2.8,Islington
clmts,17956,2,Kensington & Chelsea
clmts,17956,1.6,Kingston upon Thames
clmts,17956,3.3,Lambeth
clmts,17956,3.2,Lewisham
clmts,17956,2.4,Merton
clmts,17956,2.5,Newham
clmts,17956,2,Redbridge
clmts,17956,1.6,Richmond upon Thames
clmts,17956,3.6,Southwark
clmts,17956,2.4,Sutton
clmts,17956,3.1,Tower Hamlets
clmts,17956,2.8,Waltham Forest
clmts,17956,1.7,Wandsworth
clmts,17956,1.8,Westminster
clmts,17956,2.6,United Kingdom
clmts,17987,3.6,Barking & Dagenham
clmts,17987,2,Barnet
clmts,17987,1.7,Bexley
clmts,17987,2.7,Brent
clmts,17987,1.7,Bromley
clmts,17987,1.9,Camden
clmts,17987,1.1,City of London
clmts,17987,4.1,Croydon
clmts,17987,3.2,Ealing
clmts,17987,3.1,Enfield
clmts,17987,2.6,Greenwich
clmts,17987,3.1,Hackney
clmts,17987,3.4,Hammersmith & Fulham
clmts,17987,3.1,Haringey
clmts,17987,1.7,Harrow
clmts,17987,2.3,Havering
clmts,17987,1.8,Hillingdon
clmts,17987,3.4,Hounslow
clmts,17987,2.8,Islington
clmts,17987,2,Kensington & Chelsea
clmts,17987,1.6,Kingston upon Thames
clmts,17987,3.3,Lambeth
clmts,17987,3.3,Lewisham
clmts,17987,2.4,Merton
clmts,17987,2.6,Newham
clmts,17987,2,Redbridge
clmts,17987,1.6,Richmond upon Thames
clmts,17987,3.6,Southwark
clmts,17987,2.4,Sutton
clmts,17987,3.1,Tower Hamlets
clmts,17987,2.9,Waltham Forest
clmts,17987,1.8,Wandsworth
clmts,17987,1.9,Westminster
clmts,17987,2.7,United Kingdom
clmts,18017,3.7,Barking & Dagenham
clmts,18017,2.1,Barnet
clmts,18017,1.7,Bexley
clmts,18017,2.8,Brent
clmts,18017,1.7,Bromley
clmts,18017,1.9,Camden
clmts,18017,1,City of London
clmts,18017,4.1,Croydon
clmts,18017,3.3,Ealing
clmts,18017,3.1,Enfield
clmts,18017,2.6,Greenwich
clmts,18017,3.2,Hackney
clmts,18017,3.5,Hammersmith & Fulham
clmts,18017,3.1,Haringey
clmts,18017,1.7,Harrow
clmts,18017,2.3,Havering
clmts,18017,1.9,Hillingdon
clmts,18017,3.4,Hounslow
clmts,18017,2.8,Islington
clmts,18017,2,Kensington & Chelsea
clmts,18017,1.6,Kingston upon Thames
clmts,18017,3.4,Lambeth
clmts,18017,3.4,Lewisham
clmts,18017,2.4,Merton
clmts,18017,2.7,Newham
clmts,18017,2.1,Redbridge
clmts,18017,1.6,Richmond upon Thames
clmts,18017,3.6,Southwark
clmts,18017,2.4,Sutton
clmts,18017,3.1,Tower Hamlets
clmts,18017,2.9,Waltham Forest
clmts,18017,1.8,Wandsworth
clmts,18017,1.9,Westminster
clmts,18017,2.7,United Kingdom
clmts,18048,3.7,Barking & Dagenham
clmts,18048,2.2,Barnet
clmts,18048,1.8,Bexley
clmts,18048,2.9,Brent
clmts,18048,1.8,Bromley
clmts,18048,2,Camden
clmts,18048,1.1,City of London
clmts,18048,4.1,Croydon
clmts,18048,3.3,Ealing
clmts,18048,3.2,Enfield
clmts,18048,2.8,Greenwich
clmts,18048,3.3,Hackney
clmts,18048,3.5,Hammersmith & Fulham
clmts,18048,3.2,Haringey
clmts,18048,1.8,Harrow
clmts,18048,2.3,Havering
clmts,18048,2,Hillingdon
clmts,18048,3.4,Hounslow
clmts,18048,3,Islington
clmts,18048,2.1,Kensington & Chelsea
clmts,18048,1.6,Kingston upon Thames
clmts,18048,3.4,Lambeth
clmts,18048,3.5,Lewisham
clmts,18048,2.4,Merton
clmts,18048,2.8,Newham
clmts,18048,2.2,Redbridge
clmts,18048,1.6,Richmond upon Thames
clmts,18048,3.7,Southwark
clmts,18048,2.5,Sutton
clmts,18048,3.2,Tower Hamlets
clmts,18048,3.1,Waltham Forest
clmts,18048,1.9,Wandsworth
clmts,18048,2,Westminster
clmts,18048,2.7,United Kingdom
clmts,18078,3.7,Barking & Dagenham
clmts,18078,2.2,Barnet
clmts,18078,1.9,Bexley
clmts,18078,3,Brent
clmts,18078,1.8,Bromley
clmts,18078,2,Camden
clmts,18078,1.1,City of London
clmts,18078,4.1,Croydon
clmts,18078,3.3,Ealing
clmts,18078,3.2,Enfield
clmts,18078,2.8,Greenwich
clmts,18078,3.4,Hackney
clmts,18078,3.5,Hammersmith & Fulham
clmts,18078,3.3,Haringey
clmts,18078,1.9,Harrow
clmts,18078,2.4,Havering
clmts,18078,2,Hillingdon
clmts,18078,3.4,Hounslow
clmts,18078,3,Islington
clmts,18078,2.1,Kensington & Chelsea
clmts,18078,1.7,Kingston upon Thames
clmts,18078,3.4,Lambeth
clmts,18078,3.6,Lewisham
clmts,18078,2.5,Merton
clmts,18078,2.8,Newham
clmts,18078,2.2,Redbridge
clmts,18078,1.7,Richmond upon Thames
clmts,18078,3.7,Southwark
clmts,18078,2.4,Sutton
clmts,18078,3.3,Tower Hamlets
clmts,18078,3,Waltham Forest
clmts,18078,1.9,Wandsworth
clmts,18078,2,Westminster
clmts,18078,2.7,United Kingdom
clmts,18109,3.8,Barking & Dagenham
clmts,18109,2.2,Barnet
clmts,18109,1.9,Bexley
clmts,18109,3.1,Brent
clmts,18109,1.8,Bromley
clmts,18109,2.1,Camden
clmts,18109,1.1,City of London
clmts,18109,4.2,Croydon
clmts,18109,3.4,Ealing
clmts,18109,3.3,Enfield
clmts,18109,2.9,Greenwich
clmts,18109,3.4,Hackney
clmts,18109,3.6,Hammersmith & Fulham
clmts,18109,3.3,Haringey
clmts,18109,1.9,Harrow
clmts,18109,2.4,Havering
clmts,18109,2,Hillingdon
clmts,18109,3.5,Hounslow
clmts,18109,3,Islington
clmts,18109,2.1,Kensington & Chelsea
clmts,18109,1.7,Kingston upon Thames
clmts,18109,3.5,Lambeth
clmts,18109,3.6,Lewisham
clmts,18109,2.5,Merton
clmts,18109,2.9,Newham
clmts,18109,2.3,Redbridge
clmts,18109,1.7,Richmond upon Thames
clmts,18109,3.7,Southwark
clmts,18109,2.4,Sutton
clmts,18109,3.3,Tower Hamlets
clmts,18109,3.1,Waltham Forest
clmts,18109,2,Wandsworth
clmts,18109,2,Westminster
clmts,18109,2.8,United Kingdom
clmts,18140,3.8,Barking & Dagenham
clmts,18140,2.3,Barnet
clmts,18140,2,Bexley
clmts,18140,3.1,Brent
clmts,18140,1.9,Bromley
clmts,18140,2.1,Camden
clmts,18140,1.2,City of London
clmts,18140,4.2,Croydon
clmts,18140,3.4,Ealing
clmts,18140,3.3,Enfield
clmts,18140,3,Greenwich
clmts,18140,3.4,Hackney
clmts,18140,3.6,Hammersmith & Fulham
clmts,18140,3.4,Haringey
clmts,18140,2,Harrow
clmts,18140,2.4,Havering
clmts,18140,2.1,Hillingdon
clmts,18140,3.5,Hounslow
clmts,18140,3,Islington
clmts,18140,2.2,Kensington & Chelsea
clmts,18140,1.8,Kingston upon Thames
clmts,18140,3.6,Lambeth
clmts,18140,3.7,Lewisham
clmts,18140,2.5,Merton
clmts,18140,2.9,Newham
clmts,18140,2.3,Redbridge
clmts,18140,1.7,Richmond upon Thames
clmts,18140,3.7,Southwark
clmts,18140,2.4,Sutton
clmts,18140,3.3,Tower Hamlets
clmts,18140,3.1,Waltham Forest
clmts,18140,2,Wandsworth
clmts,18140,2,Westminster
clmts,18140,2.8,United Kingdom
clmts,18170,3.9,Barking & Dagenham
clmts,18170,2.4,Barnet
clmts,18170,2,Bexley
clmts,18170,3.2,Brent
clmts,18170,2,Bromley
clmts,18170,2.1,Camden
clmts,18170,1.2,City of London
clmts,18170,4.3,Croydon
clmts,18170,3.4,Ealing
clmts,18170,3.3,Enfield
clmts,18170,3.1,Greenwich
clmts,18170,3.5,Hackney
clmts,18170,3.6,Hammersmith & Fulham
clmts,18170,3.5,Haringey
clmts,18170,2,Harrow
clmts,18170,2.4,Havering
clmts,18170,2.2,Hillingdon
clmts,18170,3.5,Hounslow
clmts,18170,3.1,Islington
clmts,18170,2.2,Kensington & Chelsea
clmts,18170,1.7,Kingston upon Thames
clmts,18170,3.6,Lambeth
clmts,18170,3.8,Lewisham
clmts,18170,2.6,Merton
clmts,18170,3,Newham
clmts,18170,2.4,Redbridge
clmts,18170,1.7,Richmond upon Thames
clmts,18170,3.7,Southwark
clmts,18170,2.4,Sutton
clmts,18170,3.4,Tower Hamlets
clmts,18170,3.2,Waltham Forest
clmts,18170,2,Wandsworth
clmts,18170,2,Westminster
clmts,18170,2.8,United Kingdom
clmts,18201,4,Barking & Dagenham
clmts,18201,2.4,Barnet
clmts,18201,2.1,Bexley
clmts,18201,3.3,Brent
clmts,18201,2,Bromley
clmts,18201,2.2,Camden
clmts,18201,1.2,City of London
clmts,18201,4.3,Croydon
clmts,18201,3.5,Ealing
clmts,18201,3.4,Enfield
clmts,18201,3.2,Greenwich
clmts,18201,3.6,Hackney
clmts,18201,3.5,Hammersmith & Fulham
clmts,18201,3.6,Haringey
clmts,18201,2.1,Harrow
clmts,18201,2.5,Havering
clmts,18201,2.2,Hillingdon
clmts,18201,3.5,Hounslow
clmts,18201,3.1,Islington
clmts,18201,2.2,Kensington & Chelsea
clmts,18201,1.8,Kingston upon Thames
clmts,18201,3.6,Lambeth
clmts,18201,3.8,Lewisham
clmts,18201,2.6,Merton
clmts,18201,3.1,Newham
clmts,18201,2.4,Redbridge
clmts,18201,1.7,Richmond upon Thames
clmts,18201,3.7,Southwark
clmts,18201,2.4,Sutton
clmts,18201,3.4,Tower Hamlets
clmts,18201,3.2,Waltham Forest
clmts,18201,2,Wandsworth
clmts,18201,2,Westminster
clmts,18201,2.9,United Kingdom
clmts,18231,4,Barking & Dagenham
clmts,18231,2.5,Barnet
clmts,18231,2.1,Bexley
clmts,18231,3.3,Brent
clmts,18231,2,Bromley
clmts,18231,2.2,Camden
clmts,18231,1.2,City of London
clmts,18231,4.2,Croydon
clmts,18231,3.5,Ealing
clmts,18231,3.4,Enfield
clmts,18231,3.1,Greenwich
clmts,18231,3.7,Hackney
clmts,18231,3.5,Hammersmith & Fulham
clmts,18231,3.6,Haringey
clmts,18231,2.1,Harrow
clmts,18231,2.5,Havering
clmts,18231,2.2,Hillingdon
clmts,18231,3.5,Hounslow
clmts,18231,3.1,Islington
clmts,18231,2.2,Kensington & Chelsea
clmts,18231,1.8,Kingston upon Thames
clmts,18231,3.6,Lambeth
clmts,18231,3.8,Lewisham
clmts,18231,2.6,Merton
clmts,18231,3.1,Newham
clmts,18231,2.5,Redbridge
clmts,18231,1.6,Richmond upon Thames
clmts,18231,3.6,Southwark
clmts,18231,2.4,Sutton
clmts,18231,3.3,Tower Hamlets
clmts,18231,3.3,Waltham Forest
clmts,18231,2,Wandsworth
clmts,18231,2.1,Westminster
clmts,18231,2.9,United Kingdom
clmts,18262,4,Barking & Dagenham
clmts,18262,2.5,Barnet
clmts,18262,2.1,Bexley
clmts,18262,3.3,Brent
clmts,18262,2,Bromley
clmts,18262,2.2,Camden
clmts,18262,1.2,City of London
clmts,18262,4.2,Croydon
clmts,18262,3.5,Ealing
clmts,18262,3.4,Enfield
clmts,18262,3.1,Greenwich
clmts,18262,3.7,Hackney
clmts,18262,3.5,Hammersmith & Fulham
clmts,18262,3.6,Haringey
clmts,18262,2.1,Harrow
clmts,18262,2.5,Havering
clmts,18262,2.2,Hillingdon
clmts,18262,3.5,Hounslow
clmts,18262,3.1,Islington
clmts,18262,2.2,Kensington & Chelsea
clmts,18262,1.9,Kingston upon Thames
clmts,18262,3.6,Lambeth
clmts,18262,3.8,Lewisham
clmts,18262,2.6,Merton
clmts,18262,3.1,Newham
clmts,18262,2.5,Redbridge
clmts,18262,1.6,Richmond upon Thames
clmts,18262,3.6,Southwark
clmts,18262,2.4,Sutton
clmts,18262,3.4,Tower Hamlets
clmts,18262,3.3,Waltham Forest
clmts,18262,2,Wandsworth
clmts,18262,2.1,Westminster
clmts,18262,2.9,United Kingdom
clmts,18293,4.3,Barking & Dagenham
clmts,18293,2.5,Barnet
clmts,18293,2.2,Bexley
clmts,18293,3.5,Brent
clmts,18293,2,Bromley
clmts,18293,2.2,Camden
clmts,18293,1.3,City of London
clmts,18293,4.4,Croydon
clmts,18293,3.6,Ealing
clmts,18293,3.5,Enfield
clmts,18293,3.2,Greenwich
clmts,18293,3.8,Hackney
clmts,18293,3.6,Hammersmith & Fulham
clmts,18293,3.8,Haringey
clmts,18293,2.2,Harrow
clmts,18293,2.6,Havering
clmts,18293,2.4,Hillingdon
clmts,18293,3.7,Hounslow
clmts,18293,3.2,Islington
clmts,18293,2.3,Kensington & Chelsea
clmts,18293,2,Kingston upon Thames
clmts,18293,3.7,Lambeth
clmts,18293,3.9,Lewisham
clmts,18293,2.7,Merton
clmts,18293,3.2,Newham
clmts,18293,2.6,Redbridge
clmts,18293,1.7,Richmond upon Thames
clmts,18293,3.7,Southwark
clmts,18293,2.4,Sutton
clmts,18293,3.5,Tower Hamlets
clmts,18293,3.4,Waltham Forest
clmts,18293,2.1,Wandsworth
clmts,18293,2,Westminster
clmts,18293,3,United Kingdom
clmts,18322,4.3,Barking & Dagenham
clmts,18322,2.6,Barnet
clmts,18322,2.2,Bexley
clmts,18322,3.6,Brent
clmts,18322,2.1,Bromley
clmts,18322,2.3,Camden
clmts,18322,1.4,City of London
clmts,18322,4.4,Croydon
clmts,18322,3.7,Ealing
clmts,18322,3.6,Enfield
clmts,18322,3.3,Greenwich
clmts,18322,3.8,Hackney
clmts,18322,3.5,Hammersmith & Fulham
clmts,18322,3.8,Haringey
clmts,18322,2.2,Harrow
clmts,18322,2.6,Havering
clmts,18322,2.4,Hillingdon
clmts,18322,3.7,Hounslow
clmts,18322,3.2,Islington
clmts,18322,2.3,Kensington & Chelsea
clmts,18322,1.9,Kingston upon Thames
clmts,18322,3.7,Lambeth
clmts,18322,3.9,Lewisham
clmts,18322,2.7,Merton
clmts,18322,3.3,Newham
clmts,18322,2.7,Redbridge
clmts,18322,1.8,Richmond upon Thames
clmts,18322,3.7,Southwark
clmts,18322,2.4,Sutton
clmts,18322,3.5,Tower Hamlets
clmts,18322,3.5,Waltham Forest
clmts,18322,2.2,Wandsworth
clmts,18322,2.1,Westminster
clmts,18322,3,United Kingdom
clmts,18353,6.2,Barking & Dagenham
clmts,18353,4.2,Barnet
clmts,18353,4.1,Bexley
clmts,18353,5.5,Brent
clmts,18353,3.4,Bromley
clmts,18353,3.8,Camden
clmts,18353,2.4,City of London
clmts,18353,6.8,Croydon
clmts,18353,5.5,Ealing
clmts,18353,6,Enfield
clmts,18353,5.3,Greenwich
clmts,18353,6,Hackney
clmts,18353,5.1,Hammersmith & Fulham
clmts,18353,6.3,Haringey
clmts,18353,3.6,Harrow
clmts,18353,5,Havering
clmts,18353,4,Hillingdon
clmts,18353,5.7,Hounslow
clmts,18353,4.8,Islington
clmts,18353,3.5,Kensington & Chelsea
clmts,18353,3,Kingston upon Thames
clmts,18353,5.6,Lambeth
clmts,18353,6,Lewisham
clmts,18353,4.7,Merton
clmts,18353,5.2,Newham
clmts,18353,5.3,Redbridge
clmts,18353,3,Richmond upon Thames
clmts,18353,5.9,Southwark
clmts,18353,4.1,Sutton
clmts,18353,6.1,Tower Hamlets
clmts,18353,6.5,Waltham Forest
clmts,18353,3.5,Wandsworth
clmts,18353,3.3,Westminster
clmts,18353,5.1,United Kingdom
clmts,18383,10,Barking & Dagenham
clmts,18383,6.9,Barnet
clmts,18383,5.9,Bexley
clmts,18383,9.3,Brent
clmts,18383,5.5,Bromley
clmts,18383,5.4,Camden
clmts,18383,3.6,City of London
clmts,18383,8.8,Croydon
clmts,18383,8.9,Ealing
clmts,18383,8.6,Enfield
clmts,18383,7.8,Greenwich
clmts,18383,8.7,Hackney
clmts,18383,7.7,Hammersmith & Fulham
clmts,18383,10.2,Haringey
clmts,18383,6.6,Harrow
clmts,18383,6.7,Havering
clmts,18383,6.6,Hillingdon
clmts,18383,8.4,Hounslow
clmts,18383,6.8,Islington
clmts,18383,5.4,Kensington & Chelsea
clmts,18383,5,Kingston upon Thames
clmts,18383,8.2,Lambeth
clmts,18383,8.9,Lewisham
clmts,18383,7,Merton
clmts,18383,9.3,Newham
clmts,18383,7.6,Redbridge
clmts,18383,4.4,Richmond upon Thames
clmts,18383,8,Southwark
clmts,18383,5.8,Sutton
clmts,18383,8,Tower Hamlets
clmts,18383,9.4,Waltham Forest
clmts,18383,5.6,Wandsworth
clmts,18383,5,Westminster
clmts,18383,6.4,United Kingdom
clmts,18414,9.7,Barking & Dagenham
clmts,18414,6.8,Barnet
clmts,18414,5.5,Bexley
clmts,18414,9.7,Brent
clmts,18414,5.3,Bromley
clmts,18414,5.4,Camden
clmts,18414,3.3,City of London
clmts,18414,8.7,Croydon
clmts,18414,9.1,Ealing
clmts,18414,8.6,Enfield
clmts,18414,7.7,Greenwich
clmts,18414,8.6,Hackney
clmts,18414,7.7,Hammersmith & Fulham
clmts,18414,10.1,Haringey
clmts,18414,6.7,Harrow
clmts,18414,6.2,Havering
clmts,18414,6.6,Hillingdon
clmts,18414,8.4,Hounslow
clmts,18414,6.8,Islington
clmts,18414,5.5,Kensington & Chelsea
clmts,18414,4.9,Kingston upon Thames
clmts,18414,8.2,Lambeth
clmts,18414,8.7,Lewisham
clmts,18414,6.9,Merton
clmts,18414,9.4,Newham
clmts,18414,7.6,Redbridge
clmts,18414,4.4,Richmond upon Thames
clmts,18414,8,Southwark
clmts,18414,5.4,Sutton
clmts,18414,8,Tower Hamlets
clmts,18414,9.1,Waltham Forest
clmts,18414,5.6,Wandsworth
clmts,18414,5.1,Westminster
clmts,18414,6.2,United Kingdom
clmts,18444,10,Barking & Dagenham
clmts,18444,7,Barnet
clmts,18444,5.7,Bexley
clmts,18444,9.8,Brent
clmts,18444,5.5,Bromley
clmts,18444,5.5,Camden
clmts,18444,3.8,City of London
clmts,18444,8.8,Croydon
clmts,18444,9.2,Ealing
clmts,18444,8.6,Enfield
clmts,18444,7.9,Greenwich
clmts,18444,8.9,Hackney
clmts,18444,7.8,Hammersmith & Fulham
clmts,18444,10.2,Haringey
clmts,18444,6.7,Harrow
clmts,18444,6.4,Havering
clmts,18444,6.8,Hillingdon
clmts,18444,8.6,Hounslow
clmts,18444,7,Islington
clmts,18444,5.6,Kensington & Chelsea
clmts,18444,5.1,Kingston upon Thames
clmts,18444,8.4,Lambeth
clmts,18444,8.9,Lewisham
clmts,18444,7,Merton
clmts,18444,9.5,Newham
clmts,18444,7.7,Redbridge
clmts,18444,4.6,Richmond upon Thames
clmts,18444,8.2,Southwark
clmts,18444,5.5,Sutton
clmts,18444,8.2,Tower Hamlets
clmts,18444,9.3,Waltham Forest
clmts,18444,5.7,Wandsworth
clmts,18444,5.2,Westminster
clmts,18444,6.3,United Kingdom
clmts,18475,10.3,Barking & Dagenham
clmts,18475,7.2,Barnet
clmts,18475,5.8,Bexley
clmts,18475,9.9,Brent
clmts,18475,5.6,Bromley
clmts,18475,5.7,Camden
clmts,18475,3.9,City of London
clmts,18475,9.2,Croydon
clmts,18475,9.4,Ealing
clmts,18475,8.7,Enfield
clmts,18475,8.1,Greenwich
clmts,18475,9.1,Hackney
clmts,18475,7.9,Hammersmith & Fulham
clmts,18475,10.4,Haringey
clmts,18475,6.9,Harrow
clmts,18475,6.6,Havering
clmts,18475,7,Hillingdon
clmts,18475,8.8,Hounslow
clmts,18475,7.1,Islington
clmts,18475,5.8,Kensington & Chelsea
clmts,18475,5.3,Kingston upon Thames
clmts,18475,8.6,Lambeth
clmts,18475,9.2,Lewisham
clmts,18475,7.3,Merton
clmts,18475,9.7,Newham
clmts,18475,7.9,Redbridge
clmts,18475,4.8,Richmond upon Thames
clmts,18475,8.4,Southwark
clmts,18475,5.8,Sutton
clmts,18475,8.4,Tower Hamlets
clmts,18475,9.6,Waltham Forest
clmts,18475,5.8,Wandsworth
clmts,18475,5.3,Westminster
clmts,18475,6.4,United Kingdom
clmts,18506,10.1,Barking & Dagenham
clmts,18506,7.3,Barnet
clmts,18506,5.7,Bexley
clmts,18506,10.1,Brent
clmts,18506,5.6,Bromley
clmts,18506,5.7,Camden
clmts,18506,3.8,City of London
clmts,18506,9.2,Croydon
clmts,18506,9.6,Ealing
clmts,18506,8.8,Enfield
clmts,18506,8.2,Greenwich
clmts,18506,9.2,Hackney
clmts,18506,8,Hammersmith & Fulham
clmts,18506,10.6,Haringey
clmts,18506,7,Harrow
clmts,18506,6.6,Havering
clmts,18506,7.1,Hillingdon
clmts,18506,9,Hounslow
clmts,18506,7.2,Islington
clmts,18506,5.8,Kensington & Chelsea
clmts,18506,5.3,Kingston upon Thames
clmts,18506,8.7,Lambeth
clmts,18506,9.4,Lewisham
clmts,18506,7.3,Merton
clmts,18506,9.9,Newham
clmts,18506,7.8,Redbridge
clmts,18506,4.9,Richmond upon Thames
clmts,18506,8.6,Southwark
clmts,18506,5.8,Sutton
clmts,18506,8.5,Tower Hamlets
clmts,18506,9.7,Waltham Forest
clmts,18506,5.9,Wandsworth
clmts,18506,5.4,Westminster
clmts,18506,6.4,United Kingdom
clmts,18536,9.9,Barking & Dagenham
clmts,18536,7.1,Barnet
clmts,18536,5.5,Bexley
clmts,18536,10.1,Brent
clmts,18536,5.3,Bromley
clmts,18536,5.6,Camden
clmts,18536,3.6,City of London
clmts,18536,9,Croydon
clmts,18536,9.4,Ealing
clmts,18536,8.6,Enfield
clmts,18536,8,Greenwich
clmts,18536,9,Hackney
clmts,18536,7.9,Hammersmith & Fulham
clmts,18536,10.4,Haringey
clmts,18536,6.9,Harrow
clmts,18536,6.3,Havering
clmts,18536,7,Hillingdon
clmts,18536,9,Hounslow
clmts,18536,7.2,Islington
clmts,18536,5.7,Kensington & Chelsea
clmts,18536,5.1,Kingston upon Thames
clmts,18536,8.6,Lambeth
clmts,18536,9.2,Lewisham
clmts,18536,7,Merton
clmts,18536,9.8,Newham
clmts,18536,7.6,Redbridge
clmts,18536,4.7,Richmond upon Thames
clmts,18536,8.4,Southwark
clmts,18536,5.5,Sutton
clmts,18536,8.5,Tower Hamlets
clmts,18536,9.5,Waltham Forest
clmts,18536,5.7,Wandsworth
clmts,18536,5.4,Westminster
clmts,18536,6.1,United Kingdom
clmts,18567,10.6,Barking & Dagenham
clmts,18567,7.4,Barnet
clmts,18567,5.7,Bexley
clmts,18567,10.6,Brent
clmts,18567,5.7,Bromley
clmts,18567,5.9,Camden
clmts,18567,3.8,City of London
clmts,18567,9.4,Croydon
clmts,18567,9.9,Ealing
clmts,18567,9.1,Enfield
clmts,18567,8.3,Greenwich
clmts,18567,9.3,Hackney
clmts,18567,8.3,Hammersmith & Fulham
clmts,18567,11.1,Haringey
clmts,18567,7.2,Harrow
clmts,18567,6.5,Havering
clmts,18567,7.4,Hillingdon
clmts,18567,9.5,Hounslow
clmts,18567,7.5,Islington
clmts,18567,5.9,Kensington & Chelsea
clmts,18567,5.2,Kingston upon Thames
clmts,18567,8.9,Lambeth
clmts,18567,9.6,Lewisham
clmts,18567,7.3,Merton
clmts,18567,10.5,Newham
clmts,18567,8.1,Redbridge
clmts,18567,4.8,Richmond upon Thames
clmts,18567,8.9,Southwark
clmts,18567,5.7,Sutton
clmts,18567,8.9,Tower Hamlets
clmts,18567,10,Waltham Forest
clmts,18567,5.9,Wandsworth
clmts,18567,5.6,Westminster
clmts,18567,6.3,United Kingdom
clmts,18597,10.7,Barking & Dagenham
clmts,18597,7.4,Barnet
clmts,18597,5.8,Bexley
clmts,18597,10.6,Brent
clmts,18597,5.6,Bromley
clmts,18597,5.9,Camden
clmts,18597,4,City of London
clmts,18597,9.3,Croydon
clmts,18597,9.9,Ealing
clmts,18597,9.3,Enfield
clmts,18597,8.3,Greenwich
clmts,18597,9.4,Hackney
clmts,18597,8.3,Hammersmith & Fulham
clmts,18597,11.3,Haringey
clmts,18597,7.2,Harrow
clmts,18597,6.5,Havering
clmts,18597,7.3,Hillingdon
clmts,18597,9.5,Hounslow
clmts,18597,7.6,Islington
clmts,18597,6,Kensington & Chelsea
clmts,18597,5.2,Kingston upon Thames
clmts,18597,9,Lambeth
clmts,18597,9.5,Lewisham
clmts,18597,7.3,Merton
clmts,18597,10.8,Newham
clmts,18597,8.1,Redbridge
clmts,18597,4.8,Richmond upon Thames
clmts,18597,8.8,Southwark
clmts,18597,5.7,Sutton
clmts,18597,8.9,Tower Hamlets
clmts,18597,10.2,Waltham Forest
clmts,18597,6,Wandsworth
clmts,18597,5.8,Westminster
clmts,18597,NA,United Kingdom
clmts,17471,2.1,London
clmts,17501,2.1,London
clmts,17532,2.1,London
clmts,17563,2.1,London
clmts,17591,2.1,London
clmts,17622,2.1,London
clmts,17652,2.1,London
clmts,17683,2.1,London
clmts,17713,2.1,London
clmts,17744,2.2,London
clmts,17775,2.2,London
clmts,17805,2.3,London
clmts,17836,2.3,London
clmts,17866,2.4,London
clmts,17897,2.4,London
clmts,17928,2.5,London
clmts,17956,2.5,London
clmts,17987,2.6,London
clmts,18017,2.7,London
clmts,18048,2.7,London
clmts,18078,2.8,London
clmts,18109,2.8,London
clmts,18140,2.9,London
clmts,18170,2.9,London
clmts,18201,3,London
clmts,18231,3,London
clmts,18262,3,London
clmts,18293,3,London
clmts,18322,3.1,London
clmts,18353,5,London
clmts,18383,7.6,London
clmts,18414,7.5,London
clmts,18444,7.7,London
clmts,18475,7.9,London
clmts,18506,7.9,London
clmts,18536,7.8,London
clmts,18567,8.1,London
clmts,18597,8.2,London
